"ID","Title","Content","Excerpt","Date","Post Type","Permalink","Image URL","Image Filename","Image Path","Image ID","Image Title","Image Caption","Image Description","Image Alt Text","Image Featured","Attachment URL","Categories","Tags","Status","Author ID","Author Username","Author Email","Author First Name","Author Last Name","Slug","Format","Template","Parent","Parent Slug","Order","Comment Status","Ping Status","Post Modified Date","Is Current","Week Number","Week Start Date","Week End Date","Week Label","Week Start Minutes","Week End Minutes","Week Movement Minutes","Week Start Time Display","Week End Time Display","Week Status Tier Label","Week Status Tier Description","Week Status Summary","Clock Time Reference","Week Delta Summary","Clock Moved","Moral Floor Summary","Net Interpretation","Traits Moved Count","Event Count Total","Sources","Appendix Title","Appendix Content","Appendix Excerpt"
"","Week 71: Personal Rule Through State Power","<!-- Generated by build_publish_week_v1 (WordPress narrative HTML) -->

<blockquote class=""dc-subtitle""><em>Immigration coercion, patronage fights, symbolic glorification, and secrecy deepened together as courts and some local officials mounted reactive resistance.</em></blockquote>
<p>Week 71 was marked by a hardening of method. Power did not move through one grand break. It moved through repeated acts that made the state more personal, more punitive, and less open. Immigration enforcement became a field for force and hierarchy. Public symbols bent toward the leader. Money and access shaped rulemaking and contracts with less disguise than before. Courts still answered, and some state and local officials did too. But they answered after the fact. That was the week’s shape.</p>
<p>At the close of the last period, the Democracy Clock stood at 8:13 p.m. By the end of Week 71, it stood at 8:14 p.m., a net shift of 0.2 minutes. The movement was slight because the week brought less novelty than confirmation. It still moved forward. Several lines of erosion deepened at once: retaliatory uses of law, tighter secrecy, more open personal glorification, and a broader use of immigration policy as pressure. The record also showed resistance. Federal judges blocked, enjoined, and limited. State and local actors drew some lines of their own. But the balance of the week lay in how often democratic safeguards were forced into reactive defense.</p>
<p>Delaney Hall became the clearest place where several pressures met. Federal agents used pepper spray and other force against protesters outside the detention site in Newark. The clashes did not remain a single day’s disorder. They stretched across several days and reports, with repeated accounts of force against demonstrators and during an oversight visit. The site became more than a jail. It became a stage where federal power answered scrutiny with coercion.</p>
<p>The struggle over what was happening inside the facility ran beside the struggle outside it. The Department of Homeland Security denied that a hunger strike at Delaney Hall was real and called it a political stunt. At the same time, reports described a record number of suicides in ICE custody. The state’s message and the detainees’ condition moved in opposite directions. One side denied abuse claims. The other supplied the human cost that made those claims hard to dismiss.</p>
<p>Then the legal pressure widened. A federal jury convicted three ICE protesters of felony conspiracy charges, and the Justice Department filed charges against another protester accused of assaulting an ICE officer at the site. Protest was not only dispersed. It was recast as serious criminal conduct. The winners in that shift were the agencies that could define dissent as threat. The losers were protesters, watchdogs, and the wider public claim that assembly near a detention site remains protected even when unwelcome.</p>
<p>New Jersey then stepped into the breach. State officials assigned state police to replace federal agents outside Delaney Hall and created a protected protest zone. The move did not undo the week’s force or prosecutions. It did something narrower and still important. It showed that a state government could reduce direct federal confrontation and preserve space for assembly when federal enforcement had made that space combustible. The intervention mattered because it was concrete. It also mattered because it was exceptional.</p>
<p>Immigration policy widened legal precarity in quieter but broader ways. The administration announced a rule requiring many temporary visa holders to leave the United States and pursue green cards from abroad. The Department of Transportation also restricted many immigrant truck drivers from obtaining or renewing commercial licenses. These were not border actions in the narrow sense. They reached into lawful residence and lawful work. They made status more contingent and daily life more dependent on executive discretion.</p>
<p>That same logic appeared in the threat against sanctuary cities. The administration announced plans to withdraw customs agents from airports in cities that would not cooperate with federal immigration policy. This was not a debate over abstract federalism. It was a plan to use federal capacity as leverage against local policy choices. The gain in power went to the executive branch, which sought to make local autonomy costly. The loss fell on cities, travelers, and the principle that federal services are not a weapon used to discipline disfavored jurisdictions.</p>
<p>There were counter-moves, but they came at the edges. The Third Circuit temporarily blocked the re-detention of Mahmoud Khalil while courts reviewed a case tied to speech, activism, and deportation risk. Judge Gallagher extended court supervision in an asylum case after a policy change. Chicago’s mayor signed an order directing city departments to resist federal immigration raids. ICE released Rodney Taylor from detention after prolonged confinement, and Florida officials announced the closure of the Alligator Alcatraz immigration jail. These acts mattered. They showed that courts and local executives could still protect named people and limit named abuses. But they did not alter the wider federal effort to make lawful presence, work, and local noncooperation more precarious.</p>
<p>The week also made personal rule visible in stone, paper, and spectacle. The White House began building a UFC arena on its grounds. That might once have been dismissed as gaudy taste. Here it carried a sharper meaning. Public property, official ceremony, and a leader-linked entertainment brand were brought together in one place. The presidency was not merely hosting an event. It was lending state space to a form of personal display.</p>
<p>That display spread outward. Trump proposed a triumphal arch near Arlington Memorial Bridge. The administration pushed a $250 bill bearing Trump’s portrait, and the White House pressed Congress to approve it. The National Park Service allocated $67 million in park entrance fees for Washington beautification projects that fit the same symbolic turn. These were not isolated vanity projects. They formed a cluster. Public money, civic space, and national imagery were being redirected toward the leader’s image and mood.</p>
<p>The business edge of the spectacle was visible too. Trump bought stock in UFC’s parent company before promoting a White House UFC event. That detail linked personal financial interest to official promotion. The winners were the leader, allied brands, and the idea that state symbolism can serve as a private amplifier. The losers were the old boundaries between office and self, between national symbols and personal branding.</p>
<p>Courts drew one line. A federal judge ruled that the Kennedy Center could not be renamed for Donald Trump without an act of Congress. Another ruling left renovation plans in place for the moment, but the main point held. Statutory limits still existed. They could still be enforced. Yet even here the pattern was plain. The executive side acted first, and the courts were left to say where the law still stood after the attempt.</p>
<p>The Anti-Weaponization Fund offered the week’s sharpest fight over patronage. A proposal for a taxpayer-backed fund for Trump supporters accused of crimes moved from idea to institutional conflict with unusual speed. Representative Brian Fitzpatrick introduced a bill to bar federal payments to the fund. Allison Gill filed suit challenging its creation. A federal court ordered Trump to respond to retired judges’ filings over the arrangement. The issue was not only whether the fund was lawful. It was whether public money could be routed into a structure that rewarded political allies under color of state action.</p>
<p>The legal system answered with uncommon clarity. A federal judge temporarily blocked the fund while litigation proceeded, preventing money from moving before review. Thirty-five former federal judges filed papers seeking to reopen Trump’s IRS case and challenge the settlement structure. Their intervention gave the dispute rare internal weight. It signaled that, within the legal profession itself, the fund looked less like ordinary policy than like a distortion of process.</p>
<p>This mattered beyond the fund. It brought several traits into one frame: patronage, procedural abuse, and the use of public resources for partisan ends. The winners, had the fund stood, would have been regime allies and the executive actors who could reward them. The losers would have been Congress’s spending power, neutral administration, and the public claim that state money is not a private reserve for the leader’s camp. The injunction did not settle the matter. It did show that some institutional brakes still engaged when the design became too plain to ignore.</p>
<p>Cronyism spread across agencies and sectors with less need for concealment. The CFTC reduced crypto enforcement and sidelined officials who raised concerns about Trump-linked firms. Reynolds American donated to MAGA Inc. before Trump and FDA officials changed guidance on fruit-flavored vapes. A major government contractor leader gave $1 million to MAGA Inc. while holding federal business. The pattern was not subtle. Money and political relationship sat close to rulemaking and enforcement outcomes.</p>
<p>Public financing and procurement followed the same line. The Pentagon expedited a $620 million loan to a startup linked to Donald Trump Jr. The Bureau of Prisons awarded LEO Technologies a $106 million contract to monitor prisoners’ calls with AI. The DHS inspector general opened an audit into detention-facility warehouse purchases and contracts, which showed that some watchdog capacity remained. But the need for that audit told its own story. State coercive functions, from detention to surveillance, were being outsourced through contracts that raised questions about competence, price, and political connection.</p>
<p>Trump’s own business promotion sat inside the same pattern. He promoted an unregulated online casino after its co-owner donated to MAGA Inc. Reports also described use of office for insider trading and a large settlement benefiting allies. Taken together, these episodes made corruption look less like a scandal at the edge of governance than like a pipeline through it. The winners were donors, contractors, and politically connected firms. The losers were professional regulators, rival firms without access, and the public expectation that enforcement and allocation follow rules rather than favor.</p>
<p>Election pressure came through both access and information. In North Carolina, the Board of Elections took actions that could remove legitimate voters from the rolls, and the state senate voted to cut early voting from seventeen days to ten. These were formal acts, not street intimidation. That was their force. They narrowed the franchise through administration and schedule while speaking the language of integrity. The burden fell on lawful voters who rely on time, flexibility, and accurate rolls.</p>
<p>The information side of elections darkened at the same time. Reports described AI-generated political influencers being used in campaigns. Popular Information reported that Lead Left was tied to a Republican operative while spending in Democratic primaries. Two super PACs posing as progressive groups were reported to be linked to House Republicans and to have hidden their backing through shell structures. Here the winners were actors with money, data, and deceptive branding. The losers were voters asked to judge candidates in an environment where the speaker could be synthetic and the sponsor disguised.</p>
<p>There was some institutional resistance. A coalition of twenty-two attorneys general sued to protect states’ authority over election administration. A federal court panel blocked Alabama from using a new congressional map for the midterms, and the South Carolina Senate rejected a rushed redistricting proposal. Utah officials released a voter roll audit showing that most registered voters were confirmed citizens. These responses mattered. They were also piecemeal. They defended parts of the field while new distortions entered through other gates.</p>
<p>Secrecy and retaliation formed another strong line. The Department of Justice removed January 6 criminal case press releases from its website. That was more than non-disclosure. It altered the official archive of a central anti-democratic event. At the same time, the Office of Personnel Management proposed nondisclosure agreements for federal workers, a step that would formalize silence across the bureaucracy. The state was not only withholding. It was revising memory and narrowing what insiders could safely share.</p>
<p>Oversight of sensitive records showed the same turn. Pam Bondi testified about the Epstein files while refusing key questions and acknowledging redaction errors. A judge set a hearing in Katie Phang’s lawsuit seeking more files, which kept pressure on the government to explain itself. But the week’s main fact was obstruction in practice. Oversight existed. It was met with evasion. The winners were officials who controlled the files and the pace of disclosure. The losers were Congress, the press, and the public’s ability to know what the government held and why it withheld it.</p>
<p>Legal pressure against critics also widened. Trump issued executive orders targeting Andrew Weissmann. He refiled a $10 billion lawsuit against the Wall Street Journal over an Epstein report. Federal officials issued subpoenas to Hasan Piker and Medea Benjamin in a Cuba sanctions investigation. The forms differed, but the logic was shared. Critics, adversaries, and media figures were made to bear the cost of process. Law became less a limit on power than a means of directing pressure toward those who challenged it.</p>
<p>Courts remained the chief brake, though mostly after the move had been made. Judge Seibel enjoined West Point from enforcing a prior-approval policy on civilian faculty speech. Judge Lamberth extended an injunction against a prison ban on gender-affirming treatment for class members. A federal judge dismissed charges against six Chicago-area protesters because of prosecutorial misconduct. Another judge dismissed charges against Kilmar Ábrego García, checking what appeared to be vindictive prosecution in an immigration-related case. The Supreme Court ruled for Terry Pitchford in a case involving racial bias in jury selection. These were real limits. They protected speech, due process, medical care, and fair trial rights.</p>
<p>But the week also showed how narrow and reactive that resilience had become. House Speaker Mike Johnson sent members home early to avoid a war powers vote on Iran, weakening Congress’s checking role before it could be exercised. Tulsi Gabbard resigned as director of national intelligence, and FBI Director Kash Patel fired a top intelligence official. Those moves suggested a national security structure shaped less by independent judgment than by political alignment. Even where courts held, other institutions often yielded, delayed, or stepped aside.</p>
<p>A hearing has been set in Katie Phang’s lawsuit seeking more Epstein files, and the litigation over the Anti-Weaponization Fund remains active after the temporary block. Those are the named proceedings already on the calendar. They matter because they keep two of the week’s central questions inside formal review: whether records can be withheld without adequate account, and whether public money can be turned into a patronage device before the law catches up.</p>
<p>Week 71 did not depend on one shock. Its force came from convergence. Immigration policy, public symbolism, procurement, campaign deception, secrecy, and retaliatory law all moved in the same direction. Courts still imposed limits, and some states and cities still acted as counterweights. But the deeper fact was that they were increasingly called on to rescue boundaries that executive power had already crossed. That is how erosion looks in a mature phase. The forms remain. The burden of defending them grows heavier, more constant, and less evenly shared.</p>
","Week 71 brought a small but real forward move as immigration coercion, secrecy, patronage, and leader glorification deepened together. Courts and some state and local officials still checked abuses, but mainly in reactive defense after federal power had already crossed new lines.","2026-06-01 12:37:45","post","","https://thedemocracyclock.com/wp-content/uploads/week71-narrative-featured.jpg","week71-narrative-featured.jpg","","","","","","","https://thedemocracyclock.com/wp-content/uploads/week71-narrative-featured.jpg","https://thedemocracyclock.com/wp-content/uploads/week71-narrative-featured.jpg","Week","","publish","","","","","","","","","","","","","","","1","71","20260523","20260529","May 23 - 29, 2026","493.3","493.5","0","8:13 p.m.","8:14 p.m.","Democratic Breakdown","Systemic failures; elections, courts, or rights no longer reliably constrain power.","This was a high-pressure week defined by the fusion of personalist rule, retaliatory law enforcement, and symbolic state capture. The strongest pattern was the use of executive and justice machinery for loyalty enforcement and enemy punishment: executive orders and DOJ actions targeted critics, activists, media-adjacent figures, and Trump’s past adversaries, while immigration enforcement repeatedly appeared as both a coercive policy domain and a theater of force against protesters and oversight officials. A second major theme was corruption moving from allegation toward governing method: the anti-weaponization fund, donor-linked regulatory favors, Pentagon loans and contracts benefiting Trump-linked interests, and the White House/UFC spectacle all pointed to public office being used for enrichment and glorification. Elections also came under notable pressure through North Carolina voting restrictions, deceptive PAC activity, AI-enabled manipulation, and loyalty purges inside Republican primaries. Courts provided meaningful counterpressure in several cases—blocking the slush fund, protecting speech, stopping discriminatory maps, and checking memorial renaming—but the week overall showed a system where democratic safeguards are increasingly forced into reactive defense against executive abuse rather than setting the terms of governance.","The Democracy Clock moved from 8:13 p.m. to 8:14 p.m. during Week 71, a net shift of 0.2 minutes. The change was slight because the week mostly confirmed and deepened existing patterns rather than introducing a single decisive break.","The weekly net change was modest but clearly negative, reflecting confirmation and convergence of existing erosive patterns rather than a single shock.
Twenty-four tracked traits worsened, with the strongest movement in federal coercion against localities, agency capture, personal glorification, voter suppression, and archive sanitization.","False","The week showed a broad ethical weakening rather than a single rupture. Executive and allied actors repeatedly used public office, symbols, money, and coercive tools in ways that appeared personal, retaliatory, or opaque. The pattern was not merely isolated misconduct: it linked retaliation against critics, conflict-of-interest concerns, pressure on dissent, manipulation of public memory, and procedural evasions. Courts, inspectors general, state officials, and some legislators still resisted, but mostly after the conduct had already occurred. The moral floor therefore continued to erode through normalization of reactive defense.","A slight forward clock move captured a mature phase of erosion: repeated, coordinated pressures made the state more personal, punitive, and opaque while democratic safeguards were pushed into constant reactive defense.","24","132","2026-05-23, 2026-05-24, 2026-05-25, 2026-05-26, 2026-05-27, 2026-05-28, 2026-05-29, 8:14 p.m., A Texas jury, A U.S. district judge, A coalition of 22 attorneys general, A federal court, A federal court panel, A federal judge, A federal jury, A judge, A study, A tourist in Hawaii, Allison Gill, An ICE agent, Anthony Odiong, Civil Rights and Dissent, Closing the facility responded to sustained criticism of detention conditions and reduced exposure to an allegedly abusive confinement setting., Congress, DHS Secretary Markwayne Mullin, Deleting official records about January 6 altered the public archive of a major anti-democratic event and weakened access to state-held information., Democrats, Directing public funds to symbolic capital projects raised questions about executive spending priorities and the use of state resources for image-making., Donald Trump, Economic Structure, FBI Director Kash Patel, Federal agents, Federal officials, Florida officials, Former President Biden, Governor Gavin Newsom, Growing concentration in rental housing was linked to higher rents and weaker tenant conditions, shifting power from residents to large investors., House Speaker Mike Johnson, ICE, Information, Memory and Manipulation, Institutions and Governance, Judge Chutkan, Judge Cooper, Judge Gallagher, Judge Lamberth, Judge Nichols, Judge Seibel, Judge Waverly Crenshaw, Kamal Ghaffarian, Keeping penalties flat reduced the deterrent force of enforcement and could weaken accountability for regulated actors., Ken Paxton, Mayor Brandon Johnson, New Jersey officials, New York City officials, New York's highest court, OSHA, Orange County authorities, PA_001, PA_002, PA_003, PA_004, PA_005, Pam Bondi, Popular Information, Power and Authority, President Trump, Private equity firms, Reducing early voting narrowed access to the ballot and increased the burden on voters who rely on flexible voting windows., Removing a senior analyst over a politically sensitive assessment threatened the independence of professional law enforcement analysis., Renewing the committee maintained expert oversight within executive regulation, helping keep specialized drug decisions tied to public process and expertise., Renewing the committee preserved expert input inside executive decision-making, supporting accountable regulation in a technical public health area., Representative Brian Fitzpatrick, Revisiting press access rules affected who can report from public proceedings and how media legitimacy is defined by government., Reynolds American, Rising prices and weaker savings reduced household security and can narrow the practical freedom needed for democratic participation., Scheduling the hearing kept judicial pressure on the government to justify its handling of contested records., Sustained deficit spending at higher interest rates increased pressure on future budgets and the state's capacity to fund public goods., The Bureau of Prisons, The CDC, The CFTC under the Trump administration, The DHS inspector general, The Department of Homeland Security, The Department of Justice, The Department of Justice and ten state attorneys general, The Department of Labor, The Department of Transportation, The EPA, The FCC, The FDA, The Justice Department, The National Archives and Records Administration, The National Fair Housing Alliance and other plaintiffs, The National Park Service, The Noah source article, The North Carolina Board of Elections, The North Carolina Senate, The Office of Personnel Management, The Pentagon, The South Carolina Senate, The Supreme Court, The Third Circuit Court of Appeals, The Trump administration, The U.S. government, The United States, The White House, The action adjusted regulatory obligations through formal process, showing ordinary environmental governance at work., The action enforced efficacy standards and showed regulatory institutions limiting market access for unsupported products., The action showed federal oversight of state emissions controls through established regulatory channels., The action supported continued federal data gathering on occupational health risks, informing public policy and worker protection., The allocation showed routine administrative control over scarce regulatory allowances in an environmentally sensitive market., The approval demonstrated cooperative federalism in environmental regulation and enforcement., The approval reflected routine updating of state environmental rules through federal review., The approval showed routine federal-state regulatory coordination on pollution controls that affect public health and local accountability., The arrest marked a rare instance of accountability for alleged violence by a federal immigration officer against a migrant., The audit fed an ongoing dispute over voter data and election integrity claims, with direct implications for access to the franchise., The audit represented internal oversight of large federal spending decisions and tested whether watchdog institutions could check misuse of public funds., The bill was a legislative attempt to reassert control over federal spending and block partisan use of public money., The briefing showed executive economic stewardship under scrutiny as households faced worsening financial pressure., The case reflected routine legal enforcement and the continued operation of courts in applying protective laws., The case targeted alleged algorithmic collusion that could distort housing markets and burden renters, showing antitrust enforcement against concentrated power., The case tested how courts balance privacy claims against executive disclosure decisions and oversight demands., The classification showed routine regulatory gatekeeping over medical devices, balancing access and safety through formal standards., The complaint argued that a major federal fund was created without proper procedure, testing administrative law limits on executive action., The contract raised concerns about politically connected vendors gaining state surveillance work through federal procurement., The conviction showed the justice system holding a religious authority figure accountable for abuse of power over vulnerable people., The debt level was presented as a structural fiscal risk that could constrain democratic policymaking and public investment., The decision reflected routine federal review of state compliance choices under national air quality law., The decision reinforced constitutional limits on discriminatory jury selection and affirmed judicial review as a check on biased trials., The decision showed federal review balancing environmental goals, grid concerns, and legal constraints in state planning., The declaration activated emergency powers and state resources to manage a mass evacuation and public safety crisis affecting tens of thousands of residents., The departure signaled instability at the top of the intelligence system and raised questions about political pressure on national security leadership., The determination changed regulatory obligations based on measured compliance, showing data-driven environmental governance., The dismissal showed courts checking alleged vindictive prosecution and limiting misuse of criminal process in an immigration-related case., The dismissal showed courts policing prosecutorial abuse and protecting the integrity of criminal proceedings tied to protest activity., The donation highlighted how campaign finance loopholes can let contractor-linked money seek influence around federal business., The effort sought legislative approval for a leader-centered change to national currency, testing how institutions handle personalist symbolism., The entry concerned state use of media to shape civic narratives and public memory, making it relevant to how governments influence the information sphere., The entry described Congress building antipoverty institutions that broadened access to public support and democratic participation., The entry described Congress creating cultural institutions that support civic life and public knowledge through durable federal structures., The entry described Congress creating major health coverage programs, reinforcing the role of public institutions in protecting social welfare., The entry described Congress expanding access to higher education, strengthening the institutional foundations of an informed public., The entry described Congress expanding federal support for schooling, reinforcing the institutional basis for equal opportunity and civic capacity., The entry described Congress setting federal environmental standards, showing institutional responsibility for public health and shared resources., The entry described Congress strengthening equal protection through landmark anti-discrimination law, a core institutional safeguard for democratic inclusion., The entry described Congress using federal law to support basic welfare, showing how institutions can widen material access needed for democratic participation., The extension widened public participation in a rulemaking process about AI use in drug development., The filing used institutional credibility to argue that the court process itself may have been manipulated in a high-stakes settlement., The findings mattered to democratic accountability because policy claims about abortion were shown to affect access to accurate medical care and information., The guidance updated the technical rules for drug approval, shaping how regulators and firms demonstrate product equivalence., The hearing tested congressional oversight of the Justice Department's handling of sensitive records and exposed disputes over transparency and procedure., The injunction prevented disputed public money from being transferred or spent before courts could review the fund's legality., The law showed routine legislative action continuing through formal process to create a new military honor., The lawsuit used the courts to defend state control over voting procedures against federal interference claims., The litigation raised concerns that state power was being used in a way that burdened a religious minority community., The loan suggested that political ties could shape access to major public financing, weakening confidence in neutral allocation of state resources., The meeting invited public input on food safety regulation, reinforcing participatory rulemaking in a key public health market., The move aimed to reduce clashes and protect demonstrators' ability to gather near a contested detention facility., The move used executive regulatory power to blunt war-linked fuel costs, showing how emergency economic pressure can drive fast policy changes with public health tradeoffs., The move weakened Congress's ability to check military action and highlighted procedural control as a tool in separation-of-powers conflicts., The notice continued routine public participation in communications regulation and paperwork oversight., The notice maintained public input into federal data systems that inform resource allocation and public policy., The notice preserved a public comment channel in communications regulation, supporting procedural accountability., The notice preserved a public process for records management, supporting accountability in how government documents are retained or disposed of., The notice preserved public participation in technical regulation, supporting transparent rulemaking in a health-related market., The notice supported federal efforts to improve prevention of sexual violence through data and public input., The order advanced judicial scrutiny of a disputed settlement structure and signaled that courts were taking the challenge seriously., The order kept court supervision in place after a policy change affected asylum adjudications, preserving judicial oversight of agency conduct., The order protected a green card holder from renewed detention while courts reviewed a case tied to speech, activism, and deportation risk., The order required a federal institution to maintain prescribed care, showing courts checking executive restrictions inside prisons., The order showed regulatory flexibility in workplace safety while keeping the project under federal oversight., The order used local executive power to protect residents' rights and assert municipal autonomy against threatened federal immigration enforcement., The orders directly affected residents' bodily security and freedom of movement during a large-scale public safety emergency., The plan used federal operational power to pressure local governments on immigration policy, testing the limits of coercion against disfavored cities., The posts used presidential reach to shape public understanding of war and diplomacy through spectacle and contested information., The promotion raised conflict-of-interest concerns by linking political fundraising to support for a business facing regulatory and legal scrutiny., The proposal highlighted how fiscal choices can shift burdens and benefits upward even amid debt and budget pressure., The proposal sought to reshape public memory and civic space through a leader-centered monument in a highly symbolic national setting., The proposal threatened to restrict what public employees could share, reducing transparency and making it harder for the public to learn about government conduct., The proposal used executive influence over national symbols for leader glorification and challenged legal norms that limit personal use of state imagery., The proposal would have redirected public money toward politically favored claimants, blurring compensation policy with partisan patronage., The prosecution showed the federal government escalating its legal response to protest activity around an immigration detention site., The purchase raised conflict-of-interest concerns by linking personal financial holdings to official promotion of a related event., The release highlighted the rights and bodily security stakes of immigration detention, especially for a disabled lawful resident with unresolved status., The repeated use of force against demonstrators and an oversight visit tested protest rights and the treatment of people challenging detention conditions., The report described deceptive campaign branding and hidden partisan influence that could mislead voters about who was shaping primary contests., The report suggested immigration enforcement could be used not only against migrants but also as a coercive tool against political opponents., The reported actions threatened lawful voter access by increasing the risk of erroneous disenfranchisement through election administration., The reported borrowing pattern pointed to fiscal strain that can narrow future democratic choices over public spending., The reported conduct suggested direct use of presidential power for self-enrichment and patronage, weakening the boundary between public office and private gain., The reported deaths raised severe concerns about detainee safety, conditions of confinement, and the state's duty to protect people in custody., The reported scheme suggested deliberate deception in campaign messaging and funding, making it harder for voters to judge who was trying to influence them., The reported strategy showed how financial actors can use public subsidy structures to extract value while weakening affordable housing goals., The reported tactic suggested new forms of synthetic persuasion that can manipulate voters without clear disclosure or accountability., The reported trend pointed to growing risks to media reliability and the public's ability to distinguish verified reporting from automated content., The reported trend raised concerns that automated legal content could degrade accuracy and trust in judicial information systems., The rule altered food and agriculture regulation through formal administrative process, affecting market standards and oversight., The rule set legal residue limits through administrative procedure, shaping food regulation and producer compliance., The rule showed routine regulatory governance balancing environmental standards, industry compliance, and public accountability., The rule used executive immigration power to make legal status more precarious for lawful residents and workers, increasing dependence on discretionary state decisions., The rule used executive licensing power to narrow lawful work access for immigrants, affecting both equal treatment and economic security., The ruling checked discriminatory districting and showed courts enforcing representation rules against state manipulation., The ruling enforced statutory limits on a federal institution and affirmed that major symbolic changes require legislative authority., The ruling left renovation plans in place for now while preserving the court's role in reviewing future changes to a federal cultural institution., The ruling marked a boundary on judicial expansion of rights and showed courts defining the reach of legal personhood., The ruling protected academic speech against institutional controls that the court found likely aimed at suppressing dissenting views., The ruling reinforced procedural limits on forum shopping and showed courts policing how litigants use judicial process., The rulings left the order in place for now by finding the challenges premature, delaying judicial review of election-related executive directives., The rulings narrowed some claims but preserved constitutional APA challenges, keeping judicial review over education policy alive., The sequence suggested donor influence over public health regulation, raising concerns that money could shape policy outcomes., The statement contested detainees' and advocates' accounts, showing how official messaging can shape or suppress public understanding of abuse claims., The subpoenas raised concerns that national security and sanctions tools were being used in ways that could chill activism and dissent., The suit challenged an alleged practice of bypassing court review in family separations, raising due process and equal protection concerns., The suit challenged whether an agency could narrow anti-discrimination protections and whether its acting leadership had lawful authority., The suit continued a high-cost legal attack on a news outlet, increasing pressure on press freedom and investigative reporting., The suit sought to preserve anti-discrimination safeguards in credit markets, where rule changes can directly affect equal access and civil rights., The testimony deepened concerns that officials were controlling sensitive records in ways that obstructed public understanding and oversight., The trial tested whether courts could address alleged abuse of authority inside a religious institution through ordinary criminal process., The update maintained accurate federal records for state environmental rules, supporting enforceability and public access., The verdict risked chilling protest by treating anti-ICE demonstration activity as serious criminal conspiracy., The vote showed a state legislature refusing a rushed map change that could have altered representation during an active election cycle., The weaker growth figure added to signs of economic strain that can shape public confidence and policy capacity., Thirty-five former federal judges, Treasury Secretary Scott Bessent, Tulsi Gabbard, Two fair lending nonprofits and two consultancy firms, Two families, Two super PACs posing as progressive groups, Using presidential grounds for a leader-linked spectacle blurred the line between public property, official symbolism, and personal promotion., Using presidential power against a named critic tested whether executive authority could be used for personal retaliation rather than neutral governance., Utah officials, Weakening enforcement in a volatile market suggested regulatory capture and reduced accountability for politically connected financial actors., Week 71 – 2026-05-23–2026-05-29, addressed questions about inflation, savings, and interest rates, allocated $67 million in park entrance fees for Washington beautification projects, allocated 2026 hydrofluorocarbon allowances after no inhaler applications were filed, announced a public meeting on lot-level food traceability, announced a rule requiring many temporary visa holders to leave the United States to pursue green cards abroad, announced her resignation as director of national intelligence, announced plans to withdraw customs agents from airports in sanctuary cities, announced that the Alligator Alcatraz immigration jail would close, approved California air plan revisions for volatile organic compound emissions, approved Indiana revisions allowing an alternative control device for volatile organic compound emissions, approved South Carolina's emissions control plan for solid waste incineration units, approved Virginia's repeal of stationary source regulations where no applicable sources remained, approved a New York plan revision for nitrogen oxide controls at the Athens Generating Plant, approved negative declarations for certain air quality facilities in the District of Columbia, approved the sale of higher-ethanol fuel to ease gas prices, assigned state police to replace federal agents outside Delaney Hall and create a protected protest zone, awarded LEO Technologies a $106 million contract to monitor prisoners' calls with AI, began building a UFC arena on the White House grounds, blocked Alabama from using its new congressional map for the 2026 midterms, bought stock in UFC's parent company before promoting a White House UFC event, canceled the 2026 inflation adjustment for civil monetary penalties, classified an endoscopic suturing device for weight loss as a class II device with special controls, congress, convicted Anthony Odiong of sexual assault, convicted three ICE protesters of felony conspiracy charges, declared a state of emergency over the Orange County chemical tank threat, denied a preliminary injunction in the DC Preservation League case over Kennedy Center renovations, denied preliminary injunction requests against Executive Order 14399 in three election cases, denied that a hunger strike at Delaney Hall was real and called it a political stunt, described a historical Roosevelt-era media campaign promoting national unity, dismissed Michael Wolff's preemptive lawsuit against Melania Trump, dismissed charges against Kilmar Ábrego García, dismissed charges against six Chicago-area protesters because of prosecutorial misconduct, donated $1 million to MAGA Inc. while leading a major government contractor, donated to MAGA Inc. before Trump and FDA officials changed guidance on fruit-flavored vapes, enacted the Medal of Sacrifice Act, enjoined West Point from enforcing its prior-approval policy on civilian faculty speech, established pesticide tolerances for propylene oxide on several crops, exempted certain plant-incorporated proteins from pesticide tolerance requirements, expedited a $620 million loan to a startup linked to Donald Trump Jr., extended an injunction against the prison ban on gender-affirming treatment for class members, extended the comment period for its AI clinical trials pilot program, extended the settlement agreement in J.O.P. v. Department of Homeland Security, federalregister, filed a class-action lawsuit against New York City's child welfare agency over emergency child removals, filed charges against a protester accused of assaulting an ICE officer at Delaney Hall, filed papers seeking to reopen Trump's IRS case and challenge the settlement fund, filed suit against the Department of Justice to block release of interview audio and transcripts, filed suit challenging the creation of the Anti-Weaponization Fund, filed suit to protect states' authority over election administration, finalized a rule adjusting hydrofluorocarbon phasedown requirements, fired a top FBI intelligence official, found that abortion restrictions hindered miscarriage care, granted an interim order allowing deviations from certain safety standards for a tunnel project, guardian, hcr, implemented a rule restricting many immigrant truck drivers from obtaining or renewing commercial licenses, introduced a bill to bar federal payments to Trump's Anti-Weaponization Fund, invited comments on renewing the AVERT violence and mental health data collection, issued a clean data determination for the Baltimore ozone area, issued and expanded evacuation orders over the chemical tank threat, issued executive orders targeting Andrew Weissmann, issued final guidance on statistical approaches to bioequivalence, issued subpoenas to Hasan Piker and Medea Benjamin in a Cuba sanctions investigation, justsecurity, meidas, noah, opened an audit into detention-facility warehouse purchases and contracts, ordered Donald Trump to respond to retired judges' filing over the Anti-Weaponization Fund, outloud, partially approved and partially disapproved Hawaii's regional haze plan, partly dismissed and partly allowed claims in the consolidated Council for Opportunity in Education cases, popinfo, posted social media content about Iran including AI-generated war imagery and disputed claims, promoted an unregulated online casino after its co-owner donated to MAGA Inc., proposed a $250 bill bearing Donald Trump's portrait, proposed a triumphal arch near Arlington Memorial Bridge, proposed nondisclosure agreements for federal workers, proposed tax cuts for the upper middle class, pursued legal actions against an Islamic center development in Texas, pushed Congress to approve a $250 bill with Trump's image, reassessed the city's press credentialing process after controversy over trial credentials, reduced crypto enforcement and sidelined officials who raised concerns about Trump-linked firms, refiled a $10 billion lawsuit against the Wall Street Journal over an Epstein report, rejected a proposal to redraw congressional districts before the midterms, rejected legal personhood and liberty claims for the elephant Happy, released Rodney Taylor from detention after prolonged confinement, released a voter roll audit showing most registered voters were confirmed citizens, removed January 6 criminal case press releases from its website, renewed the Drug Safety and Risk Management Advisory Committee, renewed the Pulmonary-Allergy Drugs Advisory Committee, reported a rise in AI-generated court filings, reported a rise in AI-generated news articles, reported inflation at its highest level in three years, reported that Lead Left was tied to a Republican operative while spending in Democratic primaries, reported the use of AI-generated political influencers in campaigns, requested comments on an information collection review, requested comments on another information collection review, requested comments on rape prevention and education program data collection, requested public comments on information collection for human drug compounding, requested public comments on proposed federal records schedules, revised first-quarter GDP growth down to 1.6 percent, ruled for Terry Pitchford in a case involving racial bias in jury selection, ruled that the Kennedy Center could not be renamed for Donald Trump without an act of Congress, sent House members home early to avoid a war powers vote on Iran, set a hearing in Katie Phang's lawsuit seeking more Epstein files, signed an executive order directing Chicago departments to resist federal immigration raids, submitted the National Firefighter Registry for Cancer information collection to OMB for review, sued the CFPB over a rule eliminating disparate-impact liability under the Equal Credit Opportunity Act, sued the CFPB over a rule narrowing fair lending protections, temporarily blocked the Anti-Weaponization Fund while litigation proceeds, temporarily blocked the re-detention of Mahmoud Khalil, testified about the Epstein files while refusing key questions and acknowledging redaction errors, testified before the House Oversight Committee about the Epstein files, took actions that could remove legitimate voters from the rolls, updated materials incorporated by reference into Idaho's state implementation plan, used pepper spray and other force against protesters outside Delaney Hall in Newark, voted to cut early voting from 17 days to 10 days, was arrested over the shooting of a Venezuelan man in Minnesota, was charged with harassing an endangered monk seal, was described as borrowing more to cover interest payments on existing debt, was described as having created the National Foundation on the Arts and Humanities, was described as having national debt above 100 percent of GDP, was described as having passed the Civil Rights Act of 1964, was described as having passed the Economic Opportunity Act of 1964, was described as having passed the Elementary and Secondary Education Act of 1965, was described as having passed the Food Stamp Act of 1964, was described as having passed the Higher Education Act of 1965, was described as having passed the Social Security Act of 1965, was described as having passed the Water Quality Act of 1965, was described as maintaining a high budget deficit, was reported to have proposed a taxpayer-backed fund for supporters accused of crimes, was reported to have reached a record number of suicides in custody, was reported to have received funding for deportations and alleged political targeting, was reported to have used his office for insider trading and a $1.776 billion settlement benefiting allies, went on trial in Texas on sexual assault charges, were described as exploiting low-income housing tax credits to raise rents after restrictions expired, were described as increasing their ownership of U.S. apartments, were described as suing RealPage and private equity firms over rent-setting collusion, were reported to be linked to House Republicans and to have obscured their backing through shell structures, withdrew hearing requests for certain estrogen-androgen drug products and barred shipment without approval, wk071-0001, wk071-0002, wk071-0003, wk071-0004, wk071-0005, wk071-0006, wk071-0007, wk071-0008, wk071-0010, wk071-0011, wk071-0012, wk071-0013, wk071-0014, wk071-0015, wk071-0020, wk071-0021, wk071-0022, wk071-0023, wk071-0024, wk071-0025, wk071-0026, wk071-0029, wk071-0031, wk071-0032, wk071-0033, wk071-0034, wk071-0037, wk071-0038, wk071-0040, wk071-0041, wk071-0042, wk071-0043, wk071-0044, wk071-0046, wk071-0047, wk071-0049, wk071-0050, wk071-0051, wk071-0057, wk071-0058, wk071-0059, wk071-0060, wk071-0061, wk071-0062, wk071-0063, wk071-0064, wk071-0065, wk071-0066, wk071-0067, wk071-0068, wk071-0069, wk071-0070, wk071-0073, wk071-0074, wk071-0075, wk071-0076, wk071-0077, wk071-0078, wk071-0079, wk071-0080, wk071-0081, wk071-0085, wk071-0086, wk071-0087, wk071-0088, wk071-0089, wk071-0090, wk071-0091, wk071-0092, wk071-0093, wk071-0094, wk071-0095, wk071-0096, wk071-0101, wk071-0102, wk071-0103, wk071-0104, wk071-0105, wk071-0106, wk071-0107, wk071-0108, wk071-0109, wk071-0110, wk071-0111, wk071-0112, wk071-0113, wk071-0114, wk071-0115, wk071-0116, wk071-0120, wk071-0121, wk071-0122, wk071-0123, wk071-0124, wk071-0125, wk071-0126, wk071-0127, wk071-0128, wk071-0129, wk071-0130, wk071-0131, wk071-0132, wk071-0133, wk071-0134, wk071-0135, wk071-0145, wk071-0147, wk071-0148, wk071-0149, wk071-0150, wk071-0151, wk071-0152, wk071-0153, wk071-0154, wk071-0155, wk071-0156, wk071-0157, wk071-0158, wk071-0160, wk071-0164, wk071-0168, wk071-0169, wk071-0170, wk071-0171, wk071-0172, wk071-0173, wk071-0174, wk071-0175, wk071-0176, wk071-0177, wk071-0178, wk071-0179, wk071-0180, wk071-0181, wk071-0182, wk071-0183, wk071-0184, wk071-0185, wk071-0187, wk071-0189, wk071-0191, wk071-0192, wk071-0193, wk071-0195, wk071-0196, wk071-0197, wk071-0198, wk071-0199, wk071-0200, wk071-0201, wk071-0202, wk071-0203, wk071-0204, wk071-0205, wk071-0206, wk071-0207, wk071-0208, wk071-0209, wk071-0210, wk071-0211, wk71_CRD_001, wk71_CRD_002, wk71_CRD_003, wk71_CRD_004, wk71_CRD_005, wk71_CRD_006, wk71_CRD_007, wk71_CRD_008, wk71_CRD_009, wk71_CRD_010, wk71_CRD_011, wk71_CRD_012, wk71_CRD_013, wk71_CRD_014, wk71_CRD_015, wk71_CRD_016, wk71_CRD_017, wk71_CRD_018, wk71_ES_001, wk71_ES_002, wk71_ES_003, wk71_ES_004, wk71_ES_005, wk71_ES_006, wk71_ES_007, wk71_ES_008, wk71_ES_009, wk71_ES_010, wk71_ES_011, wk71_ES_012, wk71_ES_013, wk71_ES_014, wk71_ES_015, wk71_ES_016, wk71_ES_017, wk71_ES_018, wk71_ES_019, wk71_ES_020, wk71_ES_021, wk71_ES_022, wk71_ES_023, wk71_ES_024, wk71_ES_025, wk71_ES_026, wk71_ES_027, wk71_ES_028, wk71_ES_029, wk71_ES_030, wk71_ES_031, wk71_ES_032, wk71_ES_033, wk71_ES_034, wk71_ES_035, wk71_ES_036, wk71_ES_037, wk71_ES_038, wk71_ES_039, wk71_ES_040, wk71_ES_041, wk71_ES_042, wk71_ES_043, wk71_IG_001, wk71_IG_002, wk71_IG_003, wk71_IG_004, wk71_IG_005, wk71_IG_006, wk71_IG_007, wk71_IG_008, wk71_IG_009, wk71_IG_010, wk71_IG_011, wk71_IG_012, wk71_IG_013, wk71_IG_014, wk71_IG_015, wk71_IG_016, wk71_IG_017, wk71_IG_018, wk71_IG_019, wk71_IG_020, wk71_IG_021, wk71_IG_022, wk71_IG_023, wk71_IG_024, wk71_IG_025, wk71_IG_026, wk71_IG_027, wk71_IG_028, wk71_IG_029, wk71_IG_030, wk71_IG_031, wk71_IG_032, wk71_IG_033, wk71_IG_034, wk71_IG_035, wk71_IG_036, wk71_IG_037, wk71_IG_038, wk71_IG_039, wk71_IG_040, wk71_IG_041, wk71_IG_042, wk71_IG_043, wk71_IMM_001, wk71_IMM_002, wk71_IMM_003, wk71_IMM_004, wk71_IMM_005, wk71_IMM_006, wk71_IMM_007, wk71_IMM_008, wk71_IMM_009, wk71_IMM_010, wk71_IMM_011, wk71_IMM_012, wk71_IMM_013, wk71_IMM_014, wk71_IMM_015, wk71_PA_001, wk71_PA_002, wk71_PA_003, wk71_PA_004, wk71_PA_005, wk71_PA_006, wk71_PA_007, wk71_PA_008, wk71_PA_009, wk71_PA_010, wk71_PA_011, wk71_PA_012, wk71_PA_013, zeteo","Week 71 Appendix: Personal Rule Through State Power","<!-- Generated by build_publish_week_v1 (WordPress appendix HTML) -->

<p><em>Immigration coercion, patronage fights, symbolic glorification, and secrecy deepened together as courts and some local officials mounted reactive resistance.</em></p>
<p>This was a high-pressure week defined by the fusion of personalist rule, retaliatory law enforcement, and symbolic state capture. The strongest pattern was the use of executive and justice machinery for loyalty enforcement and enemy punishment: executive orders and DOJ actions targeted critics, activists, media-adjacent figures, and Trump’s past adversaries, while immigration enforcement repeatedly appeared as both a coercive policy domain and a theater of force against protesters and oversight officials. A second major theme was corruption moving from allegation toward governing method: the anti-weaponization fund, donor-linked regulatory favors, Pentagon loans and contracts benefiting Trump-linked interests, and the White House/UFC spectacle all pointed to public office being used for enrichment and glorification. Elections also came under notable pressure through North Carolina voting restrictions, deceptive PAC activity, AI-enabled manipulation, and loyalty purges inside Republican primaries. Courts provided meaningful counterpressure in several cases—blocking the slush fund, protecting speech, stopping discriminatory maps, and checking memorial renaming—but the week overall showed a system where democratic safeguards are increasingly forced into reactive defense against executive abuse rather than setting the terms of governance.</p>
<h3>Power and Authority</h3>
<ol>
<li>Governor Gavin Newsom declared a state of emergency over the Orange County chemical tank threat: The declaration activated emergency powers and state resources to manage a mass evacuation and public safety crisis affecting tens of thousands of residents. (2026-05-23)</li>
<li>President Trump issued executive orders targeting Andrew Weissmann: Using presidential power against a named critic tested whether executive authority could be used for personal retaliation rather than neutral governance. (2026-05-24)</li>
<li>The Trump administration approved the sale of higher-ethanol fuel to ease gas prices: The move used executive regulatory power to blunt war-linked fuel costs, showing how emergency economic pressure can drive fast policy changes with public health tradeoffs. (2026-05-24)</li>
<li>The White House began building a UFC arena on the White House grounds: Using presidential grounds for a leader-linked spectacle blurred the line between public property, official symbolism, and personal promotion. (2026-05-25)</li>
<li>The Trump administration announced a rule requiring many temporary visa holders to leave the United States to pursue green cards abroad: The rule used executive immigration power to make legal status more precarious for lawful residents and workers, increasing dependence on discretionary state decisions. (2026-05-25)</li>
<li>President Trump was reported to have used his office for insider trading and a $1.776 billion settlement benefiting allies: The reported conduct suggested direct use of presidential power for self-enrichment and patronage, weakening the boundary between public office and private gain. (2026-05-25)</li>
<li>The FDA renewed the Drug Safety and Risk Management Advisory Committee: Renewing the committee preserved expert input inside executive decision-making, supporting accountable regulation in a technical public health area. (2026-05-26)</li>
<li>The FDA renewed the Pulmonary-Allergy Drugs Advisory Committee: Renewing the committee maintained expert oversight within executive regulation, helping keep specialized drug decisions tied to public process and expertise. (2026-05-26)</li>
<li>The Department of Transportation implemented a rule restricting many immigrant truck drivers from obtaining or renewing commercial licenses: The rule used executive licensing power to narrow lawful work access for immigrants, affecting both equal treatment and economic security. (2026-05-26)</li>
<li>The National Park Service allocated $67 million in park entrance fees for Washington beautification projects: Directing public funds to symbolic capital projects raised questions about executive spending priorities and the use of state resources for image-making. (2026-05-27)</li>
<li>DHS Secretary Markwayne Mullin announced plans to withdraw customs agents from airports in sanctuary cities: The plan used federal operational power to pressure local governments on immigration policy, testing the limits of coercion against disfavored cities. (2026-05-27)</li>
<li>The Trump administration proposed a $250 bill bearing Donald Trump's portrait: The proposal used executive influence over national symbols for leader glorification and challenged legal norms that limit personal use of state imagery. (2026-05-28)</li>
<li>Mayor Brandon Johnson signed an executive order directing Chicago departments to resist federal immigration raids: The order used local executive power to protect residents' rights and assert municipal autonomy against threatened federal immigration enforcement. (2026-05-29)</li>
</ol>
<h3>Institutions and Governance</h3>
<ol>
<li>Congress was described as having created the National Foundation on the Arts and Humanities: The entry described Congress creating cultural institutions that support civic life and public knowledge through durable federal structures. (2026-05-23)</li>
<li>Congress was described as having passed the Civil Rights Act of 1964: The entry described Congress strengthening equal protection through landmark anti-discrimination law, a core institutional safeguard for democratic inclusion. (2026-05-23)</li>
<li>Congress was described as having passed the Economic Opportunity Act of 1964: The entry described Congress building antipoverty institutions that broadened access to public support and democratic participation. (2026-05-23)</li>
<li>Congress was described as having passed the Elementary and Secondary Education Act of 1965: The entry described Congress expanding federal support for schooling, reinforcing the institutional basis for equal opportunity and civic capacity. (2026-05-23)</li>
<li>Congress was described as having passed the Food Stamp Act of 1964: The entry described Congress using federal law to support basic welfare, showing how institutions can widen material access needed for democratic participation. (2026-05-23)</li>
<li>Congress was described as having passed the Higher Education Act of 1965: The entry described Congress expanding access to higher education, strengthening the institutional foundations of an informed public. (2026-05-23)</li>
<li>Congress was described as having passed the Social Security Act of 1965: The entry described Congress creating major health coverage programs, reinforcing the role of public institutions in protecting social welfare. (2026-05-23)</li>
<li>Congress was described as having passed the Water Quality Act of 1965: The entry described Congress setting federal environmental standards, showing institutional responsibility for public health and shared resources. (2026-05-23)</li>
<li>A U.S. district judge dismissed Michael Wolff's preemptive lawsuit against Melania Trump: The ruling reinforced procedural limits on forum shopping and showed courts policing how litigants use judicial process. (2026-05-23)</li>
<li>The DHS inspector general opened an audit into detention-facility warehouse purchases and contracts: The audit represented internal oversight of large federal spending decisions and tested whether watchdog institutions could check misuse of public funds. (2026-05-23)</li>
<li>Representative Brian Fitzpatrick introduced a bill to bar federal payments to Trump's Anti-Weaponization Fund: The bill was a legislative attempt to reassert control over federal spending and block partisan use of public money. (2026-05-25)</li>
<li>The South Carolina Senate rejected a proposal to redraw congressional districts before the midterms: The vote showed a state legislature refusing a rushed map change that could have altered representation during an active election cycle. (2026-05-26)</li>
<li>House Speaker Mike Johnson sent House members home early to avoid a war powers vote on Iran: The move weakened Congress's ability to check military action and highlighted procedural control as a tool in separation-of-powers conflicts. (2026-05-26)</li>
<li>Former President Biden filed suit against the Department of Justice to block release of interview audio and transcripts: The case tested how courts balance privacy claims against executive disclosure decisions and oversight demands. (2026-05-26)</li>
<li>Judge Gallagher extended the settlement agreement in J.O.P. v. Department of Homeland Security: The order kept court supervision in place after a policy change affected asylum adjudications, preserving judicial oversight of agency conduct. (2026-05-26)</li>
<li>Judge Seibel enjoined West Point from enforcing its prior-approval policy on civilian faculty speech: The ruling protected academic speech against institutional controls that the court found likely aimed at suppressing dissenting views. (2026-05-26)</li>
<li>Judge Lamberth extended an injunction against the prison ban on gender-affirming treatment for class members: The order required a federal institution to maintain prescribed care, showing courts checking executive restrictions inside prisons. (2026-05-26)</li>
<li>The National Archives and Records Administration requested public comments on proposed federal records schedules: The notice preserved a public process for records management, supporting accountability in how government documents are retained or disposed of. (2026-05-26)</li>
<li>Tulsi Gabbard announced her resignation as director of national intelligence: The departure signaled instability at the top of the intelligence system and raised questions about political pressure on national security leadership. (2026-05-26)</li>
<li>FBI Director Kash Patel fired a top FBI intelligence official: Removing a senior analyst over a politically sensitive assessment threatened the independence of professional law enforcement analysis. (2026-05-26)</li>
<li>A federal court panel blocked Alabama from using its new congressional map for the 2026 midterms: The ruling checked discriminatory districting and showed courts enforcing representation rules against state manipulation. (2026-05-26)</li>
<li>Two fair lending nonprofits and two consultancy firms sued the CFPB over a rule eliminating disparate-impact liability under the Equal Credit Opportunity Act: The suit challenged whether an agency could narrow anti-discrimination protections and whether its acting leadership had lawful authority. (2026-05-27)</li>
<li>Judge Chutkan partly dismissed and partly allowed claims in the consolidated Council for Opportunity in Education cases: The rulings narrowed some claims but preserved constitutional APA challenges, keeping judicial review over education policy alive. (2026-05-27)</li>
<li>The White House pushed Congress to approve a $250 bill with Trump's image: The effort sought legislative approval for a leader-centered change to national currency, testing how institutions handle personalist symbolism. (2026-05-28)</li>
<li>A coalition of 22 attorneys general filed suit to protect states' authority over election administration: The lawsuit used the courts to defend state control over voting procedures against federal interference claims. (2026-05-28)</li>
<li>New York's highest court rejected legal personhood and liberty claims for the elephant Happy: The ruling marked a boundary on judicial expansion of rights and showed courts defining the reach of legal personhood. (2026-05-28)</li>
<li>The Supreme Court ruled for Terry Pitchford in a case involving racial bias in jury selection: The decision reinforced constitutional limits on discriminatory jury selection and affirmed judicial review as a check on biased trials. (2026-05-28)</li>
<li>Allison Gill filed suit challenging the creation of the Anti-Weaponization Fund: The complaint argued that a major federal fund was created without proper procedure, testing administrative law limits on executive action. (2026-05-28)</li>
<li>Judge Nichols denied preliminary injunction requests against Executive Order 14399 in three election cases: The rulings left the order in place for now by finding the challenges premature, delaying judicial review of election-related executive directives. (2026-05-28)</li>
<li>A federal court ordered Donald Trump to respond to retired judges' filing over the Anti-Weaponization Fund: The order advanced judicial scrutiny of a disputed settlement structure and signaled that courts were taking the challenge seriously. (2026-05-28)</li>
<li>A federal judge ruled that the Kennedy Center could not be renamed for Donald Trump without an act of Congress: The ruling enforced statutory limits on a federal institution and affirmed that major symbolic changes require legislative authority. (2026-05-28)</li>
<li>Congress enacted the Medal of Sacrifice Act: The law showed routine legislative action continuing through formal process to create a new military honor. (2026-05-28)</li>
<li>Pam Bondi testified before the House Oversight Committee about the Epstein files: The hearing tested congressional oversight of the Justice Department's handling of sensitive records and exposed disputes over transparency and procedure. (2026-05-29)</li>
<li>Two families filed a class-action lawsuit against New York City's child welfare agency over emergency child removals: The suit challenged an alleged practice of bypassing court review in family separations, raising due process and equal protection concerns. (2026-05-29)</li>
<li>Judge Waverly Crenshaw dismissed charges against Kilmar Ábrego García: The dismissal showed courts checking alleged vindictive prosecution and limiting misuse of criminal process in an immigration-related case. (2026-05-27)</li>
<li>A federal judge temporarily blocked the Anti-Weaponization Fund while litigation proceeds: The injunction prevented disputed public money from being transferred or spent before courts could review the fund's legality. (2026-05-29)</li>
<li>Thirty-five former federal judges filed papers seeking to reopen Trump's IRS case and challenge the settlement fund: The filing used institutional credibility to argue that the court process itself may have been manipulated in a high-stakes settlement. (2026-05-28)</li>
<li>Judge Cooper denied a preliminary injunction in the DC Preservation League case over Kennedy Center renovations: The ruling left renovation plans in place for now while preserving the court's role in reviewing future changes to a federal cultural institution. (2026-05-29)</li>
<li>A judge set a hearing in Katie Phang's lawsuit seeking more Epstein files: Scheduling the hearing kept judicial pressure on the government to justify its handling of contested records. (2026-05-29)</li>
<li>A federal judge dismissed charges against six Chicago-area protesters because of prosecutorial misconduct: The dismissal showed courts policing prosecutorial abuse and protecting the integrity of criminal proceedings tied to protest activity. (2026-05-29)</li>
<li>A Texas jury convicted Anthony Odiong of sexual assault: The conviction showed the justice system holding a religious authority figure accountable for abuse of power over vulnerable people. (2026-05-29)</li>
<li>A tourist in Hawaii was charged with harassing an endangered monk seal: The case reflected routine legal enforcement and the continued operation of courts in applying protective laws. (2026-05-27)</li>
<li>Anthony Odiong went on trial in Texas on sexual assault charges: The trial tested whether courts could address alleged abuse of authority inside a religious institution through ordinary criminal process. (2026-05-27)</li>
</ol>
<h3>Economic Structure</h3>
<ol>
<li>Democrats proposed tax cuts for the upper middle class: The proposal highlighted how fiscal choices can shift burdens and benefits upward even amid debt and budget pressure. (2026-05-23)</li>
<li>The U.S. government was described as borrowing more to cover interest payments on existing debt: The reported borrowing pattern pointed to fiscal strain that can narrow future democratic choices over public spending. (2026-05-23)</li>
<li>The Trump administration was described as maintaining a high budget deficit: Sustained deficit spending at higher interest rates increased pressure on future budgets and the state's capacity to fund public goods. (2026-05-23)</li>
<li>The United States was described as having national debt above 100 percent of GDP: The debt level was presented as a structural fiscal risk that could constrain democratic policymaking and public investment. (2026-05-23)</li>
<li>The CFTC under the Trump administration reduced crypto enforcement and sidelined officials who raised concerns about Trump-linked firms: Weakening enforcement in a volatile market suggested regulatory capture and reduced accountability for politically connected financial actors. (2026-05-24)</li>
<li>President Trump was reported to have proposed a taxpayer-backed fund for supporters accused of crimes: The proposal would have redirected public money toward politically favored claimants, blurring compensation policy with partisan patronage. (2026-05-25)</li>
<li>The EPA finalized a rule adjusting hydrofluorocarbon phasedown requirements: The rule showed routine regulatory governance balancing environmental standards, industry compliance, and public accountability. (2026-05-26)</li>
<li>The FDA requested public comments on information collection for human drug compounding: The notice preserved public participation in technical regulation, supporting transparent rulemaking in a health-related market. (2026-05-26)</li>
<li>Reynolds American donated to MAGA Inc. before Trump and FDA officials changed guidance on fruit-flavored vapes: The sequence suggested donor influence over public health regulation, raising concerns that money could shape policy outcomes. (2026-05-26)</li>
<li>Donald Trump promoted an unregulated online casino after its co-owner donated to MAGA Inc.: The promotion raised conflict-of-interest concerns by linking political fundraising to support for a business facing regulatory and legal scrutiny. (2026-05-26)</li>
<li>Kamal Ghaffarian donated $1 million to MAGA Inc. while leading a major government contractor: The donation highlighted how campaign finance loopholes can let contractor-linked money seek influence around federal business. (2026-05-26)</li>
<li>The CDC invited comments on renewing the AVERT violence and mental health data collection: The notice maintained public input into federal data systems that inform resource allocation and public policy. (2026-05-27)</li>
<li>The CDC submitted the National Firefighter Registry for Cancer information collection to OMB for review: The action supported continued federal data gathering on occupational health risks, informing public policy and worker protection. (2026-05-27)</li>
<li>The Department of Labor canceled the 2026 inflation adjustment for civil monetary penalties: Keeping penalties flat reduced the deterrent force of enforcement and could weaken accountability for regulated actors. (2026-05-27)</li>
<li>The EPA allocated 2026 hydrofluorocarbon allowances after no inhaler applications were filed: The allocation showed routine administrative control over scarce regulatory allowances in an environmentally sensitive market. (2026-05-27)</li>
<li>The FDA withdrew hearing requests for certain estrogen-androgen drug products and barred shipment without approval: The action enforced efficacy standards and showed regulatory institutions limiting market access for unsupported products. (2026-05-27)</li>
<li>The Bureau of Prisons awarded LEO Technologies a $106 million contract to monitor prisoners' calls with AI: The contract raised concerns about politically connected vendors gaining state surveillance work through federal procurement. (2026-05-27)</li>
<li>The Pentagon expedited a $620 million loan to a startup linked to Donald Trump Jr.: The loan suggested that political ties could shape access to major public financing, weakening confidence in neutral allocation of state resources. (2026-05-27)</li>
<li>The United States reported inflation at its highest level in three years: Rising prices and weaker savings reduced household security and can narrow the practical freedom needed for democratic participation. (2026-05-27)</li>
<li>Treasury Secretary Scott Bessent addressed questions about inflation, savings, and interest rates: The briefing showed executive economic stewardship under scrutiny as households faced worsening financial pressure. (2026-05-27)</li>
<li>The United States revised first-quarter GDP growth down to 1.6 percent: The weaker growth figure added to signs of economic strain that can shape public confidence and policy capacity. (2026-05-27)</li>
<li>The FCC requested comments on an information collection review: The notice preserved a public comment channel in communications regulation, supporting procedural accountability. (2026-05-28)</li>
<li>The FDA announced a public meeting on lot-level food traceability: The meeting invited public input on food safety regulation, reinforcing participatory rulemaking in a key public health market. (2026-05-28)</li>
<li>The FDA classified an endoscopic suturing device for weight loss as a class II device with special controls: The classification showed routine regulatory gatekeeping over medical devices, balancing access and safety through formal standards. (2026-05-28)</li>
<li>The FDA extended the comment period for its AI clinical trials pilot program: The extension widened public participation in a rulemaking process about AI use in drug development. (2026-05-28)</li>
<li>Donald Trump bought stock in UFC's parent company before promoting a White House UFC event: The purchase raised conflict-of-interest concerns by linking personal financial holdings to official promotion of a related event. (2026-05-28)</li>
<li>The Department of Justice and ten state attorneys general were described as suing RealPage and private equity firms over rent-setting collusion: The case targeted alleged algorithmic collusion that could distort housing markets and burden renters, showing antitrust enforcement against concentrated power. (2026-05-28)</li>
<li>Private equity firms were described as exploiting low-income housing tax credits to raise rents after restrictions expired: The reported strategy showed how financial actors can use public subsidy structures to extract value while weakening affordable housing goals. (2026-05-28)</li>
<li>Private equity firms were described as increasing their ownership of U.S. apartments: Growing concentration in rental housing was linked to higher rents and weaker tenant conditions, shifting power from residents to large investors. (2026-05-28)</li>
<li>The EPA approved California air plan revisions for volatile organic compound emissions: The approval showed routine federal-state regulatory coordination on pollution controls that affect public health and local accountability. (2026-05-29)</li>
<li>The EPA approved negative declarations for certain air quality facilities in the District of Columbia: The action adjusted regulatory obligations through formal process, showing ordinary environmental governance at work. (2026-05-29)</li>
<li>The EPA approved Virginia's repeal of stationary source regulations where no applicable sources remained: The approval reflected routine updating of state environmental rules through federal review. (2026-05-29)</li>
<li>The EPA approved a New York plan revision for nitrogen oxide controls at the Athens Generating Plant: The action showed federal oversight of state emissions controls through established regulatory channels. (2026-05-29)</li>
<li>The EPA approved South Carolina's emissions control plan for solid waste incineration units: The approval demonstrated cooperative federalism in environmental regulation and enforcement. (2026-05-29)</li>
<li>The EPA approved Indiana revisions allowing an alternative control device for volatile organic compound emissions: The decision reflected routine federal review of state compliance choices under national air quality law. (2026-05-29)</li>
<li>The EPA issued a clean data determination for the Baltimore ozone area: The determination changed regulatory obligations based on measured compliance, showing data-driven environmental governance. (2026-05-29)</li>
<li>The EPA exempted certain plant-incorporated proteins from pesticide tolerance requirements: The rule altered food and agriculture regulation through formal administrative process, affecting market standards and oversight. (2026-05-29)</li>
<li>The EPA established pesticide tolerances for propylene oxide on several crops: The rule set legal residue limits through administrative procedure, shaping food regulation and producer compliance. (2026-05-29)</li>
<li>The EPA partially approved and partially disapproved Hawaii's regional haze plan: The decision showed federal review balancing environmental goals, grid concerns, and legal constraints in state planning. (2026-05-29)</li>
<li>The EPA updated materials incorporated by reference into Idaho's state implementation plan: The update maintained accurate federal records for state environmental rules, supporting enforceability and public access. (2026-05-29)</li>
<li>The FCC requested comments on another information collection review: The notice continued routine public participation in communications regulation and paperwork oversight. (2026-05-29)</li>
<li>The FDA issued final guidance on statistical approaches to bioequivalence: The guidance updated the technical rules for drug approval, shaping how regulators and firms demonstrate product equivalence. (2026-05-29)</li>
<li>OSHA granted an interim order allowing deviations from certain safety standards for a tunnel project: The order showed regulatory flexibility in workplace safety while keeping the project under federal oversight. (2026-05-29)</li>
</ol>
<h3>Civil Rights and Dissent</h3>
<ol>
<li>ICE released Rodney Taylor from detention after prolonged confinement: The release highlighted the rights and bodily security stakes of immigration detention, especially for a disabled lawful resident with unresolved status. (2026-05-23)</li>
<li>Federal officials issued subpoenas to Hasan Piker and Medea Benjamin in a Cuba sanctions investigation: The subpoenas raised concerns that national security and sanctions tools were being used in ways that could chill activism and dissent. (2026-05-23)</li>
<li>ICE was reported to have received funding for deportations and alleged political targeting: The report suggested immigration enforcement could be used not only against migrants but also as a coercive tool against political opponents. (2026-05-23)</li>
<li>The North Carolina Board of Elections took actions that could remove legitimate voters from the rolls: The reported actions threatened lawful voter access by increasing the risk of erroneous disenfranchisement through election administration. (2026-05-23)</li>
<li>The North Carolina Senate voted to cut early voting from 17 days to 10 days: Reducing early voting narrowed access to the ballot and increased the burden on voters who rely on flexible voting windows. (2026-05-23)</li>
<li>Orange County authorities issued and expanded evacuation orders over the chemical tank threat: The orders directly affected residents' bodily security and freedom of movement during a large-scale public safety emergency. (2026-05-23)</li>
<li>Florida officials announced that the Alligator Alcatraz immigration jail would close: Closing the facility responded to sustained criticism of detention conditions and reduced exposure to an allegedly abusive confinement setting. (2026-05-24)</li>
<li>The Third Circuit Court of Appeals temporarily blocked the re-detention of Mahmoud Khalil: The order protected a green card holder from renewed detention while courts reviewed a case tied to speech, activism, and deportation risk. (2026-05-26)</li>
<li>Ken Paxton pursued legal actions against an Islamic center development in Texas: The litigation raised concerns that state power was being used in a way that burdened a religious minority community. (2026-05-26)</li>
<li>Federal agents used pepper spray and other force against protesters outside Delaney Hall in Newark: The repeated use of force against demonstrators and an oversight visit tested protest rights and the treatment of people challenging detention conditions. (2026-05-25)</li>
<li>The National Fair Housing Alliance and other plaintiffs sued the CFPB over a rule narrowing fair lending protections: The suit sought to preserve anti-discrimination safeguards in credit markets, where rule changes can directly affect equal access and civil rights. (2026-05-27)</li>
<li>ICE was reported to have reached a record number of suicides in custody: The reported deaths raised severe concerns about detainee safety, conditions of confinement, and the state's duty to protect people in custody. (2026-05-27)</li>
<li>The CDC requested comments on rape prevention and education program data collection: The notice supported federal efforts to improve prevention of sexual violence through data and public input. (2026-05-27)</li>
<li>Utah officials released a voter roll audit showing most registered voters were confirmed citizens: The audit fed an ongoing dispute over voter data and election integrity claims, with direct implications for access to the franchise. (2026-05-29)</li>
<li>A federal jury convicted three ICE protesters of felony conspiracy charges: The verdict risked chilling protest by treating anti-ICE demonstration activity as serious criminal conspiracy. (2026-05-29)</li>
<li>The Justice Department filed charges against a protester accused of assaulting an ICE officer at Delaney Hall: The prosecution showed the federal government escalating its legal response to protest activity around an immigration detention site. (2026-05-29)</li>
<li>An ICE agent was arrested over the shooting of a Venezuelan man in Minnesota: The arrest marked a rare instance of accountability for alleged violence by a federal immigration officer against a migrant. (2026-05-29)</li>
<li>New Jersey officials assigned state police to replace federal agents outside Delaney Hall and create a protected protest zone: The move aimed to reduce clashes and protect demonstrators' ability to gather near a contested detention facility. (2026-05-29)</li>
</ol>
<h3>Information, Memory and Manipulation</h3>
<ol>
<li>The Department of Justice removed January 6 criminal case press releases from its website: Deleting official records about January 6 altered the public archive of a major anti-democratic event and weakened access to state-held information. (2026-05-23)</li>
<li>President Trump posted social media content about Iran including AI-generated war imagery and disputed claims: The posts used presidential reach to shape public understanding of war and diplomacy through spectacle and contested information. (2026-05-26)</li>
<li>President Trump proposed a triumphal arch near Arlington Memorial Bridge: The proposal sought to reshape public memory and civic space through a leader-centered monument in a highly symbolic national setting. (2026-05-24)</li>
<li>The Office of Personnel Management proposed nondisclosure agreements for federal workers: The proposal threatened to restrict what public employees could share, reducing transparency and making it harder for the public to learn about government conduct. (2026-05-26)</li>
<li>New York City officials reassessed the city's press credentialing process after controversy over trial credentials: Revisiting press access rules affected who can report from public proceedings and how media legitimacy is defined by government. (2026-05-25)</li>
<li>The Department of Homeland Security denied that a hunger strike at Delaney Hall was real and called it a political stunt: The statement contested detainees' and advocates' accounts, showing how official messaging can shape or suppress public understanding of abuse claims. (2026-05-27)</li>
<li>The Noah source article reported a rise in AI-generated news articles: The reported trend pointed to growing risks to media reliability and the public's ability to distinguish verified reporting from automated content. (2026-05-27)</li>
<li>The Noah source article reported a rise in AI-generated court filings: The reported trend raised concerns that automated legal content could degrade accuracy and trust in judicial information systems. (2026-05-27)</li>
<li>The Noah source article reported the use of AI-generated political influencers in campaigns: The reported tactic suggested new forms of synthetic persuasion that can manipulate voters without clear disclosure or accountability. (2026-05-27)</li>
<li>Popular Information reported that Lead Left was tied to a Republican operative while spending in Democratic primaries: The report described deceptive campaign branding and hidden partisan influence that could mislead voters about who was shaping primary contests. (2026-05-27)</li>
<li>A study found that abortion restrictions hindered miscarriage care: The findings mattered to democratic accountability because policy claims about abortion were shown to affect access to accurate medical care and information. (2026-05-28)</li>
<li>Donald Trump refiled a $10 billion lawsuit against the Wall Street Journal over an Epstein report: The suit continued a high-cost legal attack on a news outlet, increasing pressure on press freedom and investigative reporting. (2026-05-28)</li>
<li>Pam Bondi testified about the Epstein files while refusing key questions and acknowledging redaction errors: The testimony deepened concerns that officials were controlling sensitive records in ways that obstructed public understanding and oversight. (2026-05-29)</li>
<li>Two super PACs posing as progressive groups were reported to be linked to House Republicans and to have obscured their backing through shell structures: The reported scheme suggested deliberate deception in campaign messaging and funding, making it harder for voters to judge who was trying to influence them. (2026-05-29)</li>
<li>The Noah source article described a historical Roosevelt-era media campaign promoting national unity: The entry concerned state use of media to shape civic narratives and public memory, making it relevant to how governments influence the information sphere. (2026-05-29)</li>
</ol>
","Week 71 brought a small but real forward move as immigration coercion, secrecy, patronage, and leader glorification deepened together. Courts and some state and local officials still checked abuses, but mainly in reactive defense after federal power had already crossed new lines."
